user_id,target
452772,0
64288,0
504497,0
566270,0
328558,0
773014,0
800085,0
760480,0
129163,0
716723,0
811544,0
250378,0
359995,0
564926,0
483642,0
665911,0
760447,0
194148,0
459533,0
641186,0
736615,0
530028,0
192843,0
584576,0
7726,0
101998,1
737662,0
338727,0
405000,0
723488,0
110538,0
504791,0
203033,0
194938,0
92164,0
443333,0
689450,0
302139,0
30123,0
107766,0
358246,0
107361,0
219701,0
126136,0
170335,0
320983,0
939,0
633914,0
1259,0
484615,0
301683,0
494377,0
131607,0
17678,0
419938,0
467948,0
58718,1
341966,0
419629,0
697754,0
771302,0
406666,0
659048,0
227704,0
699443,0
367336,0
760709,0
322823,0
54614,0
356476,0
477641,0
42181,0
579630,0
31116,0
664934,0
851283,0
533263,0
337005,0
124180,0
605928,0
463644,0
530169,0
64719,0
585108,0
439361,0
169690,0
535622,0
348020,0
112530,0
541308,0
473963,0
194248,0
269734,0
634887,0
99231,0
610086,0
633331,0
823645,0
472186,0
779180,0
191207,0
489284,0
539308,0
618135,0
170493,0
498360,0
160137,0
664352,0
302097,0
338538,0
152044,0
155744,0
654168,0
484311,0
188516,1
5905,0
392228,0
231247,0
37624,0
3888,0
462277,0
745595,0
246768,0
463618,0
225165,0
162285,1
427437,0
566898,0
647947,0
601638,0
750226,0
22034,0
475298,0
583909,0
113523,0
820737,0
413376,0
236337,0
136301,0
601436,0
598119,0
28014,0
400054,0
795072,0
114273,0
17018,0
227922,0
152117,0
525989,0
185393,0
506309,0
518863,0
350514,0
104437,0
289589,0
730249,0
267150,0
847276,0
142510,0
233547,0
178355,0
635059,0
781347,0
167727,0
742388,0
470883,0
276528,0
31146,0
646272,0
408676,0
368171,0
6612,0
463397,0
7084,0
412619,0
839722,0
767274,0
774535,0
485335,0
272478,0
209844,0
698446,0
525156,0
692525,0
113781,0
631197,0
238682,0
428909,0
432252,0
214060,0
716808,0
400435,0
571134,0
700460,0
761012,0
540726,0
666437,0
95928,0
730509,0
498222,0
272928,0
278485,0
822112,0
507249,0
663547,0
408277,0
801788,0
147312,0
764568,0
296241,1
251022,0
547711,0
692495,0
169670,0
99114,0
641645,0
140933,0
247052,1
766922,0
830463,0
591660,0
574825,0
1267,0
5343,0
126755,0
755111,0
34945,0
711366,0
661018,0
316467,0
235892,0
508789,0
599997,0
679977,0
772076,0
525250,0
359911,0
78506,1
379130,0
53806,0
587944,0
526929,0
109843,0
536185,0
655552,0
834716,0
607010,0
149695,0
832375,0
5577,0
459541,0
414703,0
425321,0
402822,0
207255,0
477514,0
416337,0
89319,0
687514,0
411211,0
803806,0
785060,0
114985,0
462982,0
674004,0
251396,0
287757,0
258104,0
818920,0
180377,0
685465,0
595959,0
682054,0
137491,0
823753,0
348341,0
454740,0
692165,0
74514,1
144616,0
355443,0
714014,0
241419,0
334828,0
353237,0
52761,0
436287,0
136855,0
561067,0
152481,0
560177,0
359374,0
435651,0
502950,0
701638,0
395918,0
171936,0
369384,0
434409,0
141175,0
782737,0
403644,0
116827,0
601600,0
82552,0
750056,0
562662,0
269565,0
566928,0
720321,0
497995,0
285394,0
650722,0
455814,0
42457,0
237641,0
520616,0
13369,1
9423,0
750354,0
205797,0
16564,0
4448,0
701900,0
193293,0
727173,0
666786,0
211030,0
845972,0
573839,0
202236,0
71772,0
507243,0
372116,0
126939,0
131924,0
719777,0
793799,0
275090,0
767728,0
694064,0
293229,0
250606,0
297474,0
52054,0
651274,0
367843,0
781009,0
215277,0
679644,0
202598,0
733892,0
799675,0
456660,0
843779,0
350121,0
523854,0
314024,0
350511,0
20980,0
738773,0
184429,0
633803,0
245566,0
545839,0
428675,0
353002,0
122478,0
478120,0
647401,0
61713,0
139998,0
59391,0
779871,0
738449,0
183441,0
488891,0
65563,0
342799,0
558045,0
226728,0
316769,0
344952,0
107081,0
432406,0
849524,0
71726,0
210279,0
583603,0
159464,0
186412,0
808068,0
681592,0
224844,0
93116,0
349890,0
695496,0
73521,0
98748,0
116620,0
677030,0
811300,0
295079,0
230515,0
794360,0
145785,1
161611,0
380997,0
242467,0
78320,0
664331,1
53015,0
477661,0
710479,0
327969,0
631630,0
859643,0
808763,0
336721,0
587277,0
169994,0
231526,0
71781,0
197396,1
165764,0
679587,0
493456,0
149382,0
160252,0
23069,0
527226,0
372727,0
432359,1
289047,0
713193,0
741711,0
477189,0
503596,0
421169,0
153489,0
4264,0
697406,0
816383,0
133959,0
451052,1
136923,0
590953,0
4313,0
21621,0
229407,0
264173,0
437843,0
543161,0
39053,0
402106,0
242792,0
820332,0
103601,0
257306,0
127858,0
441119,0
605929,0
656492,0
395068,0
248332,0
442980,0
19523,0
180329,0
173697,0
763593,0
185158,0
260585,0
627772,0
748863,0
575784,0
863248,0
97775,0
203948,0
814892,0
160200,0
410058,0
764000,0
233575,0
184080,0
793628,0
376436,0
646431,0
39993,0
701679,0
703166,0
765937,0
103844,0
282710,0
78557,0
771913,0
24069,0
651672,0
654519,0
790194,0
625483,0
590716,0
120814,0
746118,0
94456,0
367626,0
565064,0
763096,0
12343,0
271483,0
754859,0
97026,0
77665,0
343928,0
782763,0
659990,0
614562,0
674658,0
821911,0
582164,0
792719,0
334463,0
626557,0
537937,0
475029,0
767385,0
34602,0
686137,0
792357,0
758957,0
351993,0
270563,0
242638,0
561364,0
749318,0
568119,0
722523,0
788041,0
496956,0
391167,0
761750,0
396732,0
102151,0
521982,0
242763,0
155547,0
110512,0
807412,0
394499,0
177943,0
671817,0
682523,0
224186,0
208164,0
337259,0
667462,0
792087,0
448583,0
804666,0
709718,0
181704,0
286924,0
571770,0
618257,0
168652,0
517714,0
613359,0
699816,0
623396,0
415232,0
364059,0
556503,0
473789,0
268199,0
212840,0
698986,0
526940,0
587761,0
551861,0
798154,0
140741,0
167445,0
6018,0
274576,0
228296,0
400332,0
724637,0
593193,0
841576,0
184028,0
242720,0
602462,0
35507,0
451562,0
712334,0
734801,0
71491,0
248638,0
142413,1
444062,0
463980,0
400013,0
26309,0
727286,0
693453,0
146534,0
548277,0
618500,0
369355,0
734439,0
704274,0
67532,0
598172,0
96156,0
399020,0
178862,0
333009,0
276967,0
637899,0
93565,0
181473,0
735864,0
449342,0
305414,0
679836,0
833646,0
280390,0
327505,0
525259,0
326327,0
710145,0
422781,0
788780,0
553410,0
191367,0
850202,0
682652,0
835866,0
235235,0
750602,1
755919,0
109983,0
199990,0
430867,0
302895,0
224776,0
151214,0
286194,0
477610,0
542012,0
460868,0
81576,0
99338,0
268187,0
633015,1
819304,0
53300,0
370762,0
189655,0
452353,0
219877,0
319330,1
184186,0
784192,0
80191,0
89617,0
43068,0
572496,0
852745,0
245274,1
547521,0
263915,0
463334,0
817587,0
394658,0
490054,0
40648,0
592702,0
85720,0
703947,0
300071,0
548677,0
633482,0
74426,0
647618,0
85844,0
527161,0
140555,0
367490,0
746046,0
772704,0
465367,0
518485,0
46089,0
307587,0
545424,0
704581,0
538663,0
306535,0
818155,0
546988,0
652724,0
856608,0
648257,0
703608,0
740418,1
746771,0
623728,1
261858,0
626756,0
172994,0
326681,0
405822,0
388712,0
230354,0
546635,0
804982,0
585735,0
692631,0
582349,0
157369,0
408919,0
21165,0
265679,0
840869,0
195530,0
827865,0
119800,0
324846,0
842547,0
377357,0
502768,0
717412,0
415311,0
190213,0
208459,0
710882,0
172221,0
313657,0
500193,0
177329,0
183968,0
174747,0
563942,0
559360,1
610762,0
498180,0
102377,0
701201,0
584693,0
494882,0
47316,0
181936,0
831047,0
819727,0
593499,0
616011,0
373687,0
698129,0
140003,0
651840,0
536713,0
358475,0
401797,0
125026,0
45712,0
740840,0
457395,0
298801,0
727255,0
149833,0
242924,0
742803,1
229282,0
719327,0
132656,0
350291,0
299732,0
338519,0
300664,0
700064,0
784455,0
241569,0
110339,0
507211,0
508773,0
213260,0
534307,0
821935,0
126936,0
370513,0
503956,0
827676,0
459635,0
854994,0
14765,0
93711,0
635179,1
820641,0
401570,0
749380,0
411213,0
566587,0
680029,0
222935,0
404937,0
399198,0
834343,0
777768,0
454159,0
136499,0
309118,0
834427,0
806424,0
372313,0
67316,0
587776,0
184891,0
767632,0
34190,0
671090,0
236085,0
425115,0
861772,0
828653,0
670409,0
335514,0
706263,0
665706,0
176261,0
551019,0
186181,0
143957,0
734850,0
158459,0
248674,0
506129,0
273072,0
195130,0
615156,0
211086,0
596729,0
825707,0
691889,0
853695,0
785140,0
71989,0
150596,0
236402,0
13794,0
781646,0
249657,0
285254,0
619415,0
602628,0
264301,0
191808,0
548545,0
235058,0
799152,0
695852,0
258000,0
502598,0
703293,0
170541,0
360883,1
778301,0
868253,0
678647,0
742544,0
784052,0
844894,0
540655,0
118573,0
385962,0
276355,0
331701,0
742676,0
223621,0
225768,0
590789,0
14286,0
690135,0
324616,0
518144,0
842104,0
673535,0
165534,0
399042,0
805827,0
487592,0
523205,0
57234,0
30593,0
683452,0
775844,0
185915,0
38069,0
863157,0
795636,0
363059,0
364076,0
343122,0
585007,0
703230,0
818995,0
170503,0
518939,0
831952,0
856206,0
830901,0
30725,0
783226,0
536334,0
37414,0
60898,0
119333,0
689585,0
639170,0
197945,0
628417,0
679993,0
713938,0
308374,0
22618,0
669431,0
84313,0
354056,0
49827,0
577927,0
603523,0
575001,0
763355,0
574359,0
568942,0
570298,0
764322,0
388720,0
44170,0
681472,0
369086,0
764027,0
809016,0
208565,0
753170,1
41956,0
757337,0
103523,0
541669,0
773797,0
71238,0
28788,0
264484,0
44842,0
159479,1
17878,0
292693,0
519535,0
609035,0
58685,0
532817,0
9402,0
680610,0
315206,0
401008,0
491494,0
709056,0
437840,0
197347,0
800918,0
677777,0
786123,0
694569,0
826554,0
439648,0
313103,0
631325,0
865335,1
331970,0
436411,0
833322,0
25040,0
75802,0
416530,0
628188,0
740403,0
30072,0
867374,0
244089,0
675993,0
868626,0
365914,0
279811,0
382974,0
36244,0
368420,0
834415,0
868342,0
54796,0
470017,0
371151,0
545268,0
332909,0
538749,1
805299,0
455716,0
678694,0
322736,0
19898,0
538002,0
635246,0
831504,0
615500,0
517238,0
666118,0
803151,0
40306,0
525212,0
30042,0
25842,0
685475,0
700454,0
172654,0
467324,1
787699,0
632257,0
235036,0
518548,0
478405,0
644563,0
490612,0
801096,0
143217,1
40453,0
435526,0
783055,0
790305,0
335256,0
732725,0
177516,0
288996,0
817374,0
403643,0
266217,0
127893,0
554113,0
201894,0
645262,0
238860,0
596116,0
293983,0
219263,0
697733,0
535506,0
763892,0
118286,0
292263,0
499495,0
691808,0
357975,0
66750,0
558941,0
375051,0
85520,0
423785,0
507372,1
110637,0
474641,0
345886,0
341535,0
549354,0
712608,0
442742,0
255039,0
864524,0
386086,0
638754,0
527432,0
800546,0
477914,0
363958,0
615446,0
566124,0
399422,0
251940,0
389212,0
855129,0
578543,0
322403,0
800920,0
822630,0
431200,0
176334,0
744430,0
642343,0
461936,0
798723,0
11680,0
645144,0
238723,0
46401,0
775625,0
393241,0
47329,0
400271,0
478594,0
314161,0
145956,0
137748,0
446069,0
594009,0
450224,0
272208,0
228629,0
494786,1
267992,0
126101,0
399515,0
272870,0
687069,0
358653,0
557249,0
173082,0
495988,0
511943,0
687728,0
153586,0
520234,0
613471,0
436856,0
854,0
562352,0
160113,0
770181,0
121317,0
162566,0
85606,0
575292,0
78654,0
125379,1
390522,0
665858,0
504899,0
99558,0
780357,0
315525,0
836357,0
475205,0
768259,0
538977,0
845274,0
687196,0
836533,0
221804,0
617179,0
633884,0
142684,0
568499,1
373440,0
404899,0
307964,0
267622,0
448602,0
515816,0
616749,0
653092,0
686244,0
820506,0
601411,0
34339,0
403101,0
791173,0
255852,0
8775,0
413416,0
532343,0
739133,0
814638,0
286138,0
186871,0
565041,0
495507,0
677710,0
532382,0
566180,0
800964,0
65833,0
31069,0
675497,0
482121,0
797757,0
2974,0
622807,0
867597,0
487816,0
445788,0
180036,0
334101,1
840695,0
384621,0
738980,0
175806,0
259672,0
588811,0
353073,0
539919,0
536145,0
256734,0
812786,0
798708,0
662054,0
728891,0
265005,0
107096,0
291852,0
158929,1
660673,0
367666,0
202087,0
725815,0
812067,0
326688,0
205132,0
16560,0
407748,0
411151,0
98943,0
770433,0
150509,0
198734,0
459083,0
445082,0
206963,0
309837,0
469050,0
711861,0
469353,0
305946,0
540081,0
44105,0
381295,0
580249,0
542820,0
699502,0
275492,0
771985,0
623172,0
155100,0
179326,0
9604,0
118396,0
521520,0
450699,0
64090,0
867828,0
149947,0
609997,0
591264,1
534840,0
1451,0
743592,1
598515,0
338775,0
390841,0
525325,0
867156,0
266237,0
451971,0
858320,0
464200,0
129311,0
509469,0
147104,0
160192,0
222097,0
68185,0
429023,0
768820,0
559127,0
214773,0
604664,0
659983,0
149043,0
639723,0
121395,0
65664,0
88093,0
90306,0
166456,0
156929,0
494839,0
343900,0
375389,0
6591,0
112848,0
793248,0
196,0
717210,0
87980,0
176585,0
431495,0
311749,0
392427,1
445471,0
517735,1
137789,0
833674,0
6727,1
825936,1
489355,0
100355,0
698179,0
104423,0
184388,0
167388,0
567434,0
172856,0
444430,0
135342,0
42420,0
332001,1
173084,0
821811,0
580360,0
279240,0
334328,0
375114,0
133778,0
199263,0
307834,0
247531,0
681230,0
237202,0
328391,0
313566,0
3002,0
836643,0
193532,0
591228,0
48335,0
477404,0
438359,0
850213,0
232723,0
827362,0
827982,0
583269,0
170726,0
444737,0
298158,0
446185,0
823984,0
147371,0
725232,1
167619,0
569708,0
593123,0
755000,0
250478,0
629,0
243917,0
52878,0
11145,0
656044,0
641802,0
402790,0
228189,0
212724,0
502304,0
350180,0
621414,0
632262,0
649994,0
275727,0
68851,0
383264,0
471939,0
331408,0
492092,0
533110,0
652080,0
242015,1
16562,0
788084,0
456490,0
232421,0
602346,0
348148,0
324957,0
739040,0
372547,0
819721,0
328883,0
526527,0
567830,0
34238,0
616455,0
89003,0
625617,0
698759,0
709780,0
321362,0
758594,0
761179,0
503841,0
295618,0
587926,0
570436,0
476669,0
279825,0
792561,1
607250,0
179906,0
329522,0
136858,0
161898,0
359490,0
396924,0
581919,0
584375,0
105432,0
291552,0
583942,0
645203,0
68748,0
138375,0
139675,0
152009,0
705220,0
19075,0
565585,0
171093,0
806967,0
289408,0
359105,0
774915,0
564774,0
450009,0
454599,0
116543,0
489382,0
799998,0
22480,0
462721,0
546174,0
487589,0
794559,0
428466,0
213248,0
671310,0
64625,0
598088,0
602802,0
643265,0
464184,0
132826,0
469696,0
516549,0
147654,0
464063,0
55321,0
334471,0
491838,0
130348,0
698811,0
831573,0
256343,0
453164,0
287126,0
64545,0
801056,0
60215,0
790252,0
123901,0
115286,0
356327,0
303442,0
362637,0
14388,1
738924,0
782591,0
363642,0
529412,1
750880,0
254609,0
533384,0
683603,0
36907,0
439251,0
868878,0
57707,0
410676,0
427137,0
394483,0
605259,0
31706,0
700711,0
313073,0
586564,0
554921,0
653507,0
109751,0
56698,0
12814,0
133978,0
381444,0
581399,0
616571,0
777086,0
520145,0
646684,0
113899,0
747531,0
153010,0
341107,0
681716,0
806117,0
597819,0
720116,0
2330,0
655572,0
720365,0
780992,1
856146,0
28128,0
133135,0
469380,0
554559,0
783079,0
524488,0
374084,0
325107,0
695673,0
59780,0
469914,0
367075,0
134134,0
216990,0
866888,0
208622,0
132257,0
611914,0
123810,0
408584,0
611562,0
612868,0
132315,0
188050,0
847946,0
709230,0
226970,0
403987,0
279169,0
336505,0
615741,0
393444,0
785376,0
170944,0
332809,0
516943,1
441795,0
820681,0
723627,0
82226,0
202754,0
203505,0
196805,0
113612,0
589059,0
579990,0
125539,0
664659,0
234292,0
152623,0
766545,0
88481,0
569093,0
685189,0
152506,0
220200,0
335592,0
49833,0
163330,1
184981,1
221709,0
707201,0
677047,0
743510,0
201919,0
636453,0
774431,0
390151,0
773426,0
469232,0
276001,0
186682,0
74121,0
679008,0
37051,0
262664,0
201708,0
670290,0
473274,1
379774,0
323174,0
518053,0
157254,0
253506,0
851756,0
545553,0
397625,0
795102,0
324222,0
844146,0
87340,0
437261,0
306789,0
68675,0
84991,0
81162,0
795973,0
623467,0
138045,0
454970,0
493719,0
132073,0
335204,0
32027,0
647769,0
16093,0
145717,0
161868,0
756395,0
662063,0
820257,0
347793,0
494890,0
410816,0
85030,0
294104,0
481072,0
324675,0
308346,0
781949,0
666954,0
84977,0
616917,0
601461,0
509321,0
139022,0
642951,0
9100,0
153410,0
250377,0
437815,0
514360,0
181804,0
769297,0
115143,0
697892,0
303045,0
787676,0
762478,0
702689,0
280295,0
244934,0
535231,0
412072,0
851405,0
457770,0
182963,0
21147,0
64632,0
446488,0
183129,0
122937,0
62853,0
555805,0
172850,0
799903,0
297544,0
260353,0
522009,0
558856,0
777565,0
729739,0
821289,0
84763,0
225957,0
683315,0
593667,0
590431,0
234975,0
427954,0
496455,0
387955,0
757754,0
673229,0
160939,0
644639,0
678727,0
587685,0
443516,0
261511,0
165510,0
684329,0
579932,0
150260,0
741353,0
836135,0
666120,0
594864,0
12375,0
71245,0
490979,0
305487,0
136854,0
266972,0
179232,0
649821,0
262726,0
797724,0
475187,0
231004,0
832840,0
320480,0
180408,0
699817,0
605859,0
264778,0
352418,0
606848,0
843514,0
301304,0
530577,0
488973,0
692640,0
800263,0
42413,0
413486,0
326351,0
242306,0
384293,0
419192,0
233700,0
653400,0
233885,0
2140,0
585771,0
192490,0
230311,0
171697,0
289303,0
727301,0
726414,0
492297,0
310782,0
685046,0
683197,0
634644,0
498013,0
666617,0
48872,0
688612,0
782979,0
506043,0
383376,0
619847,0
70293,0
520992,0
175968,0
670274,0
697194,0
232600,0
357875,0
217319,0
382674,0
737933,1
644761,0
608389,0
302911,0
426616,0
781523,0
379793,0
776412,0
549744,0
446889,0
666151,0
169555,0
199809,0
158670,0
824942,0
168168,0
377664,0
601664,0
339323,0
403642,0
272996,0
460531,0
134605,0
648121,0
176473,0
534961,0
95677,0
804674,0
122949,0
3512,0
45468,0
159858,0
105112,0
670769,0
616721,0
379840,0
722445,0
372937,0
648965,0
257528,0
853582,0
80354,0
101393,0
132110,0
36987,0
6030,0
681965,0
49339,0
683170,0
814767,0
857133,1
467635,0
539565,0
761738,0
857291,0
638146,0
412167,0
543870,0
854658,0
626007,0
244819,0
358203,0
33206,0
670832,0
81559,0
592422,0
31348,0
562568,0
718583,1
288260,1
695576,0
857859,0
839608,0
434542,0
116776,0
772686,0
402457,0
342551,0
114253,0
163977,0
128072,0
263807,0
547065,0
464655,0
175861,0
674617,0
2920,0
571190,1
543152,0
283386,0
768132,0
501631,0
202638,0
664817,0
342265,0
423716,0
547736,0
735477,0
71729,0
32031,0
388082,0
751917,0
360857,0
681187,0
8037,0
30557,0
537025,0
706850,0
211552,0
274308,1
730682,0
695422,0
742714,1
343574,0
716173,0
835477,0
23932,0
565653,0
294262,0
324786,0
13034,0
393630,0
259890,0
574697,0
666091,0
17187,0
823967,0
513924,0
302278,0
35786,1
278628,0
531060,0
131564,0
640469,1
712294,0
104786,0
48141,0
676064,0
85217,0
201443,0
383088,0
725103,0
796294,0
811256,0
328939,0
409494,0
860460,0
245105,0
699179,1
798739,0
833591,0
625540,0
42634,0
309436,0
845839,0
554226,0
497857,0
207110,0
266362,0
228927,0
731441,1
84134,0
507055,0
295412,0
571085,0
470357,0
26958,0
408141,0
531280,0
761158,0
61722,0
157754,0
336776,0
382639,0
215135,0
824198,0
715261,0
224656,0
271358,0
1306,0
855373,0
564296,0
97368,0
488419,0
562785,0
200163,0
660992,0
424653,0
800778,0
316761,0
471626,0
286423,1
361880,0
402153,0
316501,0
333629,0
692428,0
186404,0
91777,0
725626,0
26364,0
516763,0
799101,0
603042,0
749896,0
105781,0
748467,0
332021,0
172845,0
330199,0
208207,0
22623,0
628833,0
17326,1
668286,0
757089,0
294740,0
9678,1
116305,0
253922,0
15766,0
175074,0
700763,0
584932,0
452885,0
58512,0
586629,1
558482,0
83711,0
557120,0
9414,0
665074,0
111474,0
309643,0
826150,0
337637,0
53347,0
345019,0
248831,0
246853,0
83541,0
504795,0
454452,0
56279,1
146403,0
466556,0
217129,0
412856,0
451272,0
245226,0
363973,0
227361,0
211567,0
543994,0
248168,0
818474,0
264164,0
533908,0
170382,0
649337,0
483944,0
619300,0
91645,0
137141,0
576191,0
22749,0
201280,1
477888,0
673471,0
764264,0
110854,0
640465,0
706359,0
204874,0
213948,0
454421,0
359174,0
75813,0
419133,0
663057,0
628248,0
718177,0
61284,0
478613,0
739127,0
368418,0
728015,0
626074,0
469119,0
834277,0
72386,0
668626,0
312182,0
777326,0
349720,0
331296,0
830851,0
719682,0
550766,0
369637,0
245528,0
109765,0
3683,0
249740,0
50824,0
521207,0
412897,0
822816,0
33985,0
98969,0
585621,0
743408,0
746752,0
223391,0
718471,0
521062,0
397201,0
163085,0
743224,0
20915,0
207980,0
754893,0
174712,0
14585,0
547859,0
735346,0
562553,0
659150,0
594496,0
634924,0
250532,0
657733,0
857725,0
393703,0
326001,0
674583,0
518361,0
570915,0
662139,0
557991,0
337807,0
105614,0
85142,0
421609,0
580055,0
783495,0
342143,0
854204,0
708282,0
530536,0
410449,0
683581,0
734854,0
582920,0
333165,0
137736,0
30274,0
544,0
440157,0
358490,0
288341,1
249063,0
689697,0
71027,0
807783,0
262626,0
459711,0
167984,0
412785,0
422926,0
200452,0
790299,0
832572,0
242148,0
253313,0
635208,0
734726,0
515077,0
105246,0
804265,0
609621,0
96254,0
68380,1
328282,0
47849,0
154122,0
779474,0
773802,0
116675,0
743519,0
267285,0
347512,0
117228,0
767693,0
263076,0
264372,0
160099,0
233959,0
773940,0
127167,0
538339,0
114449,0
121754,0
727916,0
525386,0
587435,0
522706,0
52639,0
229531,0
712674,0
90989,0
420486,0
583457,0
703353,0
111917,0
565189,0
115139,0
742220,0
690546,0
189586,0
8842,0
719013,0
463400,0
66472,0
8521,0
519151,1
849562,0
440384,0
804928,0
809570,0
542214,0
245533,0
683373,0
168201,0
407185,0
810682,0
435644,0
160309,0
306753,0
720092,0
293411,0
458145,0
460223,0
356451,0
335477,0
544458,0
445151,0
831597,0
133127,0
679493,0
103867,0
331517,0
744281,0
730392,0
186924,0
472268,0
453693,0
405968,0
817008,0
857965,0
613001,0
333673,0
407007,0
342103,0
289072,0
747509,0
251363,0
735541,0
490372,0
398917,0
702509,0
648357,0
286291,0
150955,0
203684,0
39172,0
714144,0
250079,0
600031,0
766257,0
363490,0
478230,0
348627,0
27863,0
19205,0
360193,0
582730,0
38118,0
230416,0
136593,0
417178,0
223234,0
69428,0
38289,0
361464,0
497473,0
61353,0
441992,0
318128,0
424118,0
627672,0
711218,0
854395,0
677593,1
55203,0
352391,0
32489,0
224082,0
858859,0
230463,0
221224,0
472778,0
152723,0
295086,0
275955,0
865592,0
673925,0
775686,0
320195,0
677471,1
698262,0
432441,0
699148,0
541808,0
392773,0
647215,0
666573,0
185090,0
721980,0
95586,0
420295,0
595873,0
772618,0
322443,0
408741,0
760389,0
162917,0
658061,0
285995,0
737007,0
359798,0
262323,0
142645,0
257533,0
174694,0
486405,0
245143,0
217612,0
540146,0
419803,0
486956,0
255946,0
469457,0
801938,0
795179,0
638265,0
483402,0
197504,0
618406,0
169791,0
462336,0
589986,0
648647,0
332902,0
215947,0
858405,0
553189,0
194093,0
215716,0
562393,0
386466,0
497277,1
267914,0
645545,0
732938,0
471439,0
638627,0
255703,0
548205,0
573747,0
165514,0
27594,0
537670,0
341177,0
53597,0
534641,0
253493,0
217113,0
812415,0
153805,0
450831,0
437287,0
794687,0
501020,0
302763,0
318456,0
251829,0
370370,0
665085,0
25540,0
768612,0
761223,0
202066,0
471720,0
323508,0
752196,0
386195,0
211351,0
770449,0
856681,1
634343,0
270999,0
126875,0
784566,0
824668,0
661854,0
649394,0
735591,1
810862,1
387204,0
134719,0
609313,0
72531,0
336122,0
674412,0
334299,0
389919,0
459510,0
73474,0
699130,0
325681,0
561977,0
254836,0
452459,0
308643,0
142594,1
381819,0
175121,0
745838,0
94994,0
230938,0
138425,0
626,0
81174,0
863740,0
614120,0
107790,0
547919,0
560198,0
649816,0
547997,0
680940,0
90127,0
441110,0
837242,0
55677,0
513396,0
152276,0
813315,0
196433,0
837578,0
169656,0
334782,0
172645,0
689492,0
140617,0
555516,0
165462,0
560352,1
159963,0
689348,0
820066,0
493585,0
8323,0
352477,1
324773,0
528210,0
26538,0
42494,0
366054,0
109363,0
49055,0
578745,0
355804,0
158260,0
617723,0
697076,0
4851,0
165432,0
124590,0
2612,0
860693,0
228916,0
383613,0
707501,0
475072,0
325802,0
158130,0
698671,0
774437,0
372584,0
811935,1
754484,0
64012,0
185401,0
206511,0
244349,0
680811,0
518217,0
232655,0
68769,0
450762,0
540636,0
16685,0
28115,0
529855,0
705125,0
302150,0
638021,0
743648,0
483992,0
595743,0
563543,0
751338,0
586316,0
724151,0
70270,0
246010,0
194452,0
441810,0
189349,0
182100,0
233334,0
318643,0
765061,0
198556,0
15027,0
168378,0
317592,0
140,0
152643,0
300691,0
184558,0
601126,0
80728,0
45758,0
638996,0
374963,0
737194,0
178098,0
270833,0
567678,0
133784,0
374128,0
78681,0
824823,0
684512,0
412415,0
318672,0
206345,0
707563,0
714972,0
91055,0
556007,0
791012,0
502437,0
838003,0
784904,0
175377,0
383045,0
574193,0
717296,0
185041,0
115726,0
635906,0
836732,0
461826,0
109539,0
391533,0
541939,0
749560,0
844610,0
306664,0
148353,0
309934,0
115313,0
105459,0
359108,0
570381,0
867873,0
188454,0
459440,0
43296,1
614180,0
786564,0
294419,0
86487,0
646651,0
169714,0
454834,0
514098,0
92443,0
724416,0
485994,0
576453,0
659856,0
291320,0
503737,0
489239,0
541687,0
29400,0
68801,0
589520,0
210443,0
798623,0
104663,0
131575,0
440261,0
367688,0
505583,0
10046,0
699666,0
663383,0
26363,0
13596,0
293218,0
693004,0
103000,0
494287,0
847316,0
509814,0
315872,0
12671,0
841155,0
515420,0
560125,0
836428,0
571055,0
811770,0
695965,0
726748,0
492389,0
583782,0
150592,0
620842,0
210501,0
809231,0
324118,0
217254,1
304293,0
766218,0
317506,0
650409,0
325091,0
78852,0
83007,0
140239,0
841435,0
397710,0
628085,0
632551,0
378080,0
774882,0
379235,0
569255,0
387654,0
3893,0
776741,0
196453,0
333661,0
630178,0
662487,0
262377,0
628821,0
307662,0
176892,0
673688,0
294390,0
704373,0
333890,1
241756,0
217295,0
676677,0
831188,0
379930,0
41297,0
524410,0
379252,0
280369,1
326649,0
155997,0
802679,0
712396,0
739579,0
244874,0
481428,1
801372,0
108479,0
9980,0
250481,0
133381,0
427331,0
136454,0
722430,0
779711,0
478271,0
110727,0
558490,0
652098,0
529970,0
383735,0
534832,0
347708,1
85003,0
220563,0
94657,1
207750,0
9058,1
254791,0
693881,1
391331,0
624364,0
845247,0
530982,0
763549,0
304441,1
300991,0
156482,0
134264,0
740160,0
467346,0
439888,0
57958,0
247496,0
472889,0
676102,0
564322,0
566995,0
177801,0
476735,0
835207,0
783911,0
704159,0
566421,0
421145,0
867036,0
249458,0
182644,0
604711,0
76272,0
115227,0
119586,0
569791,0
340833,1
133162,0
81418,0
503985,0
352665,0
509020,0
410482,0
621038,0
17872,0
134588,0
172362,0
267009,0
125163,0
605498,0
520239,0
288807,0
702211,0
825189,0
683137,1
160246,0
339618,0
186780,1
219955,0
386414,0
393438,0
507551,0
301554,0
688805,0
516229,0
194979,0
371360,0
36291,0
821559,0
27342,0
328190,0
89496,0
75045,0
87601,0
332999,0
380401,1
449663,0
83795,0
404763,0
128311,0
25929,0
315130,0
863937,0
42062,0
65030,0
630002,0
790823,0
181290,0
201592,0
211049,0
10926,0
329555,0
365933,0
700938,0
117122,0
846350,0
158318,0
816574,0
533486,0
545757,0
740650,0
22620,0
546148,0
592173,0
156081,0
403913,0
285276,0
789672,1
90031,0
168755,0
489719,0
583342,0
483264,0
367873,0
669233,0
804847,0
321972,0
174800,0
589642,0
779240,0
512072,0
51451,0
258136,0
494395,0
788317,0
290880,0
568018,0
758382,0
834457,0
713266,0
752418,0
712081,0
599142,0
393004,0
231145,0
57211,0
448129,0
654958,0
172452,0
37835,0
791259,0
642318,0
330939,0
704987,0
536653,0
387484,0
754756,0
196924,0
347179,0
321490,0
840878,0
114555,0
662748,0
348942,0
700323,0
774886,1
867727,0
114419,0
627142,0
737643,0
651648,0
655243,0
274299,0
671023,0
366378,0
600128,0
129204,0
528919,0
812882,0
699990,0
80359,0
26549,0
175083,0
184707,0
390070,1
837892,0
169533,0
804613,0
156406,0
276269,0
501378,0
519895,0
856320,0
499672,0
535446,1
8367,0
295274,0
510680,0
414331,0
742233,0
556148,0
730552,0
723552,0
738544,0
340697,0
379044,0
259309,0
292785,1
78804,0
733120,0
591451,0
272811,0
25660,0
239542,1
233680,0
72849,0
367411,0
15768,0
358183,0
326075,0
322784,0
626183,0
276149,0
630471,0
227423,0
507825,0
240490,0
280956,0
716220,0
341366,0
90899,0
185796,0
59805,0
812346,0
128420,0
810746,0
568250,0
143401,0
639023,1
808114,0
516653,0
67374,0
92911,0
497879,0
687226,0
311382,1
555897,0
699874,0
313075,0
494550,0
43167,0
656051,0
343958,0
706492,0
122785,0
457890,0
155579,0
589626,0
843883,0
792137,0
571935,0
512356,0
618273,0
745469,0
781481,0
505837,0
578222,0
39242,0
371960,0
91230,0
725187,0
434749,0
72946,0
433935,0
575687,0
197115,0
439910,0
459550,0
380599,0
165712,0
597881,0
542753,0
482671,0
13283,0
213949,0
77103,0
610184,0
571926,0
802373,0
72351,0
472046,0
351539,0
668674,0
36029,0
171009,0
292507,0
4592,0
25516,0
197097,0
18850,0
223275,0
407319,0
529480,0
201282,0
740585,0
234912,0
822552,0
105275,0
140947,0
382791,0
809056,0
158324,0
429775,0
234784,0
286532,0
829807,0
172245,0
510019,0
811802,0
275730,1
565320,0
690670,0
533810,0
142973,0
463913,0
189780,1
618694,1
741411,0
789084,0
275072,0
787521,0
702217,0
124415,0
163841,0
347583,0
158486,0
337567,0
405874,0
778650,0
661703,0
800877,0
737094,0
862915,0
131502,0
511190,0
727644,0
20463,0
834785,0
692536,0
373537,0
683867,0
453506,0
749759,0
807681,0
131857,0
466379,0
232358,1
761485,0
438536,0
18453,0
289297,0
767320,0
693694,0
325991,0
697005,0
236494,1
289514,0
254640,0
642987,0
717626,0
11688,0
763831,0
71994,0
272184,0
565438,0
224407,0
617436,0
579702,0
74026,0
455487,1
325787,0
224977,0
270282,0
121267,0
697961,0
584525,0
118221,0
46727,0
666290,0
589795,0
816374,0
796256,0
80803,0
302902,0
662885,0
258953,0
404525,0
690559,0
557976,0
320186,0
221678,0
542364,0
766254,0
324701,0
249846,0
783641,0
653544,0
117138,0
580146,0
203312,0
263309,0
453894,0
422425,1
661383,0
416196,0
760620,0
728066,0
176071,0
731079,0
757052,0
133497,0
679866,0
174062,0
222274,0
298720,0
221445,0
29982,0
113140,0
420026,1
481116,0
229956,0
517343,0
37543,0
329327,0
521372,0
572744,0
222798,0
806945,0
683154,0
349562,0
599138,0
769851,0
748080,0
416584,1
238041,0
766719,0
176502,0
74340,0
185087,0
845905,0
404838,0
579587,0
66244,0
108867,0
352906,0
737384,0
312291,0
41674,0
405270,1
84037,0
710228,0
453893,1
62157,0
479167,0
180799,0
564113,0
719860,0
36378,0
294816,0
282087,0
615485,0
244414,0
753168,0
28618,1
239522,0
522850,0
632755,0
608769,0
223406,0
370374,0
635333,0
7391,0
391471,0
191860,0
516014,0
627599,0
93104,0
655843,0
57756,0
848599,0
450698,0
16084,0
295488,0
94148,0
719980,0
489723,0
603291,0
134796,0
730244,0
330209,0
45676,0
382463,0
390712,0
513452,0
383393,0
798576,1
318364,0
294779,0
416515,0
117314,0
51079,0
861433,0
301705,0
381877,0
371796,0
247236,0
805261,0
382944,0
420413,0
512056,0
133607,0
801570,0
3385,0
461925,0
732831,0
234669,0
833850,0
473075,0
848265,1
582044,0
102961,0
125791,0
372245,0
420541,0
661853,0
365533,0
708514,0
273863,0
762829,0
797626,0
358934,0
631127,0
12071,0
651344,0
238543,0
719644,0
771827,0
265549,0
87401,0
859631,1
564372,0
245280,0
571520,0
345389,0
715493,0
810905,0
135351,0
5641,0
430845,0
786728,0
830890,1
485769,0
544581,0
511404,0
575179,0
553603,0
98004,0
526318,0
175997,1
604589,0
609857,0
296274,0
119306,0
441263,0
262543,0
88997,0
138385,0
617719,0
345753,0
176555,0
192933,0
594591,0
200411,0
722695,0
199799,0
106381,0
436275,0
231900,0
83282,0
98106,0
633641,0
217364,0
344342,0
146396,0
505227,0
808992,0
767858,0
114924,0
841663,0
755930,0
691711,0
163430,0
247924,0
708221,0
214366,0
779244,0
799147,0
620779,0
629887,0
26327,0
759714,0
721406,0
116713,0
410840,0
753965,0
114459,0
9635,0
223072,0
100662,0
820748,0
574593,1
179959,0
208007,0
449120,0
478645,0
470339,0
202924,0
736607,0
226000,0
522588,0
11245,0
851118,0
727369,0
624491,0
512571,0
740035,0
545551,0
748078,0
410019,0
288722,0
515196,0
309360,0
395870,0
394356,0
339181,0
331024,0
213474,0
368456,0
528770,0
422713,0
541988,0
485574,0
771240,0
548400,0
448778,0
282445,0
381256,0
476340,0
748035,0
688965,0
447379,0
158775,0
478074,0
815556,0
705825,0
274911,0
712924,0
743956,0
605939,0
860559,0
65364,0
467985,1
137762,0
77191,0
535563,0
828457,0
127197,0
728387,0
473659,1
33208,0
78696,0
148595,0
229230,0
863716,0
37455,0
337532,0
735697,0
740676,0
408573,0
156671,0
470557,0
16340,0
813402,1
252749,0
462919,0
750279,0
800515,0
843021,0
507352,0
580135,0
294997,0
674228,0
537609,0
673259,0
343305,0
215195,0
796687,1
412860,0
544049,0
89117,0
239757,0
845888,1
141426,0
664827,0
473235,0
698755,0
537187,0
757544,0
308281,0
88660,0
521612,0
512043,0
175038,0
511083,0
817769,0
517597,0
62171,0
659635,0
771098,1
374302,0
615271,0
780305,0
651244,0
653914,0
289038,0
52170,0
44088,0
68338,0
179513,0
476673,0
291400,0
379086,0
403192,0
172079,0
95592,0
678928,0
678455,0
535635,0
795979,0
803370,0
833294,0
80311,0
426841,0
547729,0
192107,0
627201,0
619326,0
564320,0
206252,0
309741,0
3424,0
36965,0
602395,0
683303,0
216988,0
452316,0
689379,0
195914,0
469439,0
168080,1
400036,0
802838,0
650631,0
282844,0
330267,0
136240,1
583424,1
654802,0
413999,0
563315,0
169219,0
816807,0
824199,0
579629,0
853621,0
530908,0
513104,0
693315,0
146212,0
837899,0
839301,0
327159,0
310556,0
442067,0
483704,0
663977,0
710412,0
848454,0
381665,0
423581,0
712730,1
394105,0
718111,0
773201,0
112083,0
172952,0
488210,0
529132,0
553266,0
541041,0
189873,0
836177,0
792790,0
644090,0
595342,0
791648,0
385687,0
729706,0
761705,0
498925,0
516297,0
52463,0
738526,0
392327,0
87614,0
353704,0
443509,0
228615,0
751214,0
840395,0
175297,0
124762,0
36386,0
316980,0
611583,0
241442,0
230231,0
525723,0
857574,0
703609,0
829560,0
194561,0
473797,0
304185,0
10407,0
573151,0
274499,0
189643,0
534799,0
572469,0
556502,0
97020,0
533105,0
597418,0
610819,0
664166,0
730704,0
110594,0
465239,0
269344,0
280212,0
279657,0
482103,0
296854,0
188400,0
516148,0
417709,0
764904,0
684148,0
102608,0
144471,1
483536,0
427085,0
274538,0
45971,0
25135,0
163979,0
631814,0
521048,0
549630,0
181385,0
439511,0
715460,0
23624,0
499180,0
356128,0
495341,0
698507,0
153561,0
186128,0
294623,0
188001,0
478722,0
421305,0
79381,0
762379,0
605061,0
228042,0
643105,1
514833,0
291181,0
733377,0
841437,0
253063,0
138938,1
406020,0
183748,0
703057,0
189912,0
392740,0
518862,0
827591,0
300862,0
554788,0
364745,0
239955,0
439353,1
745853,0
354024,0
47895,0
786629,0
16874,0
405844,0
842112,0
422111,0
402135,0
671586,0
486425,0
169792,0
580300,0
174196,0
690785,0
831913,1
132963,0
639801,0
243673,0
779656,0
531364,0
782864,0
925,0
44950,0
350701,0
671671,0
501077,0
673303,0
76653,0
91499,0
550071,1
74764,0
552616,0
838965,0
241349,0
155612,0
600583,0
135432,0
228671,0
688314,0
682005,0
39981,0
37181,0
802088,0
346435,0
104250,1
814205,0
151385,0
153781,0
44003,0
106514,0
698082,0
115635,0
306321,0
423209,0
682069,0
762156,0
816900,0
301932,1
190435,0
235904,0
776094,0
98667,0
15596,0
728292,0
286348,0
304026,0
116710,0
605822,0
564374,0
505644,0
688838,0
504296,0
552937,0
288504,0
278712,0
852112,1
779783,0
379863,0
100890,0
749909,0
428376,0
26018,0
697349,0
421068,0
201883,0
547561,0
754798,0
278177,0
228322,0
532596,0
182954,0
350900,0
241652,0
229402,0
76770,0
150117,0
446638,0
471098,0
53113,0
192211,0
167923,0
174958,0
460268,0
441306,0
191526,0
342210,0
738204,0
506988,0
187471,0
213001,0
312010,0
635666,0
626539,0
336529,0
234746,0
585811,0
838853,0
579728,0
286777,0
525697,0
657559,0
320603,0
806506,0
512776,0
51530,0
506032,0
576092,0
327948,0
633947,0
779892,0
533453,0
135528,0
253574,0
164090,0
305313,0
164661,0
31333,0
266572,0
465819,0
302162,0
416797,0
303817,0
278039,0
549411,0
336738,0
303448,0
568230,0
91375,0
784295,0
182437,0
780063,0
510404,0
282648,0
853660,0
238023,0
296783,0
649871,0
542860,0
513376,1
512737,0
461917,0
212661,0
298482,0
430093,0
67319,0
397768,0
577906,0
539274,0
555386,0
546567,0
266186,0
496476,0
431879,0
708006,0
840069,0
681173,0
120670,0
406944,0
291500,0
347281,0
358724,0
831153,0
391006,0
546444,0
236299,0
54191,0
697898,0
243474,0
274807,0
329049,0
274512,0
261428,0
422535,0
495005,0
347159,0
841165,0
38180,0
470820,1
759596,0
384026,0
191097,0
405929,0
215205,0
550020,0
501222,0
47265,1
726588,0
28861,0
326491,0
133212,0
649918,0
476358,0
125316,0
792686,0
633114,0
700453,0
810188,0
370229,0
599485,0
4533,0
567421,0
796840,0
608749,0
209828,0
702804,0
703798,0
8065,0
508461,0
111978,0
90895,0
357072,0
483750,0
619363,0
199631,0
303718,0
786461,0
517529,0
193648,0
487063,0
849078,0
357153,0
244606,0
790970,0
124242,0
594961,0
780547,0
820688,0
833335,0
153972,0
660707,0
282802,0
292649,0
80221,0
312653,0
404120,1
625006,0
827631,0
301900,0
94686,0
417497,0
832110,0
263729,0
64825,1
642536,0
263343,0
840149,0
317908,0
489225,0
539818,0
858171,0
399235,0
124437,0
840743,0
231035,0
29774,0
191798,0
151029,0
848700,0
172811,0
583208,0
602615,0
651533,0
486539,0
801880,0
517823,0
371940,0
118237,0
812460,0
380455,0
576030,0
598957,0
644894,0
49757,0
218078,0
31917,0
466297,0
536255,0
64630,0
615383,0
803168,0
625624,0
250706,0
723050,0
259182,0
107463,0
427716,0
160086,0
302807,0
31779,0
259926,0
8823,0
324281,1
781628,0
573515,0
627842,0
35098,0
531429,0
554801,0
394276,0
664336,0
126061,0
805028,0
606689,0
820818,0
289319,0
45222,0
720314,0
721978,0
768920,1
770288,0
71849,0
258634,0
802593,0
133671,0
107178,0
38953,0
451032,0
684108,0
56820,0
729028,0
199266,0
317027,0
46262,0
285942,0
770232,0
226073,0
805554,0
540712,0
520715,0
283609,0
784621,0
631460,0
216042,1
55136,0
56442,0
330349,0
90173,0
322551,0
559301,0
474790,0
211932,0
690710,0
39944,0
481471,0
840622,0
421679,0
631081,0
181767,0
70034,0
389492,0
398125,0
111996,0
612487,0
805656,0
321632,0
657764,0
3614,0
587378,0
429158,0
605003,0
40703,0
526301,0
640589,0
741102,0
212352,0
414426,0
672553,0
376322,0
615046,0
488166,0
743228,0
828947,0
105603,0
794803,0
61553,0
734888,0
660266,0
663791,0
498685,0
557024,0
98356,0
610119,0
859425,0
239111,0
478257,0
678589,0
237588,0
783250,0
361535,0
222407,0
708492,0
69553,0
134156,0
46799,0
440212,0
343449,0
841999,0
292367,0
489125,0
574714,0
740937,0
391425,0
10226,0
601438,0
522803,0
506737,0
753925,0
703244,0
169685,0
356403,0
95201,0
518300,0
714875,0
752859,0
541803,0
294642,0
11009,0
601315,0
535043,0
233185,0
201640,0
577410,0
164392,0
642868,0
77843,0
825636,0
99104,0
669401,0
119732,0
516159,0
747711,0
285732,0
459522,0
752073,0
611500,0
142095,0
842102,0
840338,0
788744,0
857324,0
195824,0
559707,0
45181,0
415559,0
32070,0
160701,0
531273,0
833081,0
30273,0
791658,1
482916,0
746315,0
119658,0
545022,0
592253,0
674365,0
279153,0
244987,0
368296,0
735785,0
680064,0
26118,0
350175,0
243631,0
693597,0
491420,0
213728,0
507784,0
224495,1
758241,0
730743,0
204528,0
611838,0
46839,0
522567,0
111307,0
705655,0
125867,0
621428,0
377675,0
118393,0
683559,0
408588,0
465591,0
816215,0
160104,0
617721,0
795513,0
53540,0
195192,0
514603,0
778920,1
483339,0
327478,0
299711,0
393098,0
634053,0
615131,0
147421,0
152184,0
231789,0
148948,0
451436,0
665928,0
191361,0
365209,0
518085,0
798125,0
119240,0
72807,0
443704,0
840541,1
173790,0
692430,0
564714,0
364201,0
129439,1
80638,0
74611,0
726126,0
100123,0
287697,0
250177,0
465077,0
190607,0
190895,0
752891,0
149326,0
84940,0
732156,0
542332,0
842013,0
671884,0
596695,0
349281,0
302914,0
414790,0
739443,0
501965,0
148094,0
548814,0
532206,0
431167,0
201597,0
351384,0
513464,0
768966,0
626247,0
644252,0
691735,1
504244,0
593047,0
55192,0
157282,0
485010,0
389168,0
329215,0
805081,1
683906,0
307345,0
655861,0
577881,0
528287,0
697181,0
17842,1
320221,0
65862,0
703453,0
811997,0
452286,0
484762,0
161818,0
143040,0
783406,0
200113,0
696057,0
204433,0
670714,0
775210,0
812608,0
561561,0
260564,0
430329,0
619630,0
823932,0
660906,0
397104,0
740880,0
540160,0
15433,0
749157,0
252509,0
621902,0
493693,0
50221,0
592114,0
770952,0
840803,0
332421,0
30560,0
332276,0
439348,0
617297,0
809512,0
153408,0
439930,0
63242,0
304683,0
250778,0
737702,0
158272,0
595582,0
752539,0
455235,0
316997,0
180997,0
231792,0
615925,0
669676,0
766393,0
761379,0
742090,0
145886,0
138435,0
790579,0
564923,0
596876,0
831311,0
72184,0
408500,0
107303,0
369200,0
153787,0
506563,0
130257,0
398177,0
188650,0
80909,0
663759,0
610012,0
293290,0
312268,0
500109,0
537447,0
469647,0
313703,0
753790,0
88630,0
26339,0
812177,0
238829,0
773690,0
607275,0
191811,0
602568,0
700788,0
526600,0
372652,0
503390,0
565222,0
138878,0
677275,0
409184,0
94944,0
467253,0
53914,0
771597,0
525520,0
658276,0
30815,0
676741,0
648272,0
455763,0
477334,0
84536,0
147864,0
267493,0
438811,0
141867,0
152118,0
653593,0
270462,0
455881,0
603068,0
537816,0
162797,0
470452,0
590328,0
649429,0
14029,0
331328,0
337781,0
737612,0
415963,0
473796,0
120800,0
847366,0
426804,0
752966,0
409247,0
476404,0
519853,0
151748,0
388806,0
48562,0
562222,0
561139,0
852836,0
770937,0
344793,0
501978,0
305910,0
268994,0
403709,0
754527,0
659346,0
375081,0
850829,0
345465,0
504316,0
672064,0
425177,0
103781,1
47003,0
790674,0
7992,0
109547,0
147160,0
477460,0
133477,0
274744,0
602078,0
129917,0
614361,0
528391,0
209598,0
418192,0
822908,0
596830,0
577446,0
478177,0
694009,0
809371,0
260078,0
239690,0
446805,0
737648,0
788185,0
155164,1
290640,0
644869,1
698962,0
674948,0
209726,0
526358,0
343652,0
436067,0
230969,0
784367,0
531522,0
209521,0
416847,1
574898,0
824279,0
28389,0
364775,0
382366,0
862916,0
31268,0
635805,0
572603,0
411045,0
671397,0
455625,1
72712,1
206233,0
325438,0
546793,0
473599,0
108287,0
559007,0
826929,0
136462,0
241418,1
92933,0
123248,0
39424,0
392379,0
711624,0
131088,0
274537,0
814815,0
591102,0
705754,0
10922,0
184819,0
803300,0
744237,0
795770,0
529908,0
748326,0
239912,0
685855,0
166046,0
288616,0
349651,0
500618,0
332056,0
229924,0
572389,0
141331,0
366861,0
300829,0
269484,0
680093,0
380823,0
279966,0
619190,1
299547,0
842624,0
705902,0
266106,0
128747,0
292388,0
384911,0
729879,0
231849,0
525817,0
575540,0
581262,0
545342,0
698258,0
696017,0
454488,0
205202,0
513107,0
758478,0
16521,0
524786,0
316425,0
626800,0
507871,0
112391,0
274721,0
114797,0
180153,0
46176,0
126108,0
196886,0
243674,0
575323,0
681900,0
233027,0
516430,0
748870,0
282657,1
350253,0
430190,0
495424,0
633454,0
513379,0
320864,0
302649,0
210535,0
365556,0
492473,0
234617,0
35109,0
102215,0
116217,0
597765,0
477231,0
466320,0
480148,0
541769,0
451185,0
452273,0
132593,0
51429,0
522405,0
110460,0
51878,0
784754,0
247000,0
582069,0
89980,0
611529,0
706436,0
519217,0
669053,0
796697,0
642798,0
275541,0
791847,0
856918,0
202111,0
277585,0
803079,0
766744,0
167344,0
779968,0
56083,0
216351,0
699431,0
496531,0
735060,0
166698,0
320451,0
428195,0
41356,0
204199,0
654022,0
430861,0
157685,0
25416,0
314108,0
487553,0
274207,0
436381,0
63756,1
834575,0
271276,0
835288,0
709750,0
43440,0
423737,0
255421,0
857257,0
84611,1
365662,0
721526,0
280612,0
688178,0
750855,0
726675,0
503949,0
133310,0
600979,0
839392,0
343165,0
554504,0
591341,0
830829,0
67462,0
163835,0
326789,0
844575,0
731375,0
790611,0
461717,0
269634,0
327988,0
520726,0
544858,0
225955,0
587839,0
460558,0
19647,0
598960,0
372546,0
16436,0
163254,0
256152,0
746301,0
453133,0
5459,0
643650,0
203417,0
470102,0
27434,0
542341,0
195788,0
844082,1
610662,0
549275,0
589106,0
724894,0
304562,0
425133,0
681099,0
384670,0
55846,0
524055,0
3225,0
69826,0
279778,0
624350,0
91915,0
485902,0
275907,0
59400,0
179220,0
772963,0
429565,0
675777,0
295681,0
348591,0
245091,0
482548,0
631339,0
269652,0
412464,0
199473,0
334937,0
166875,0
780609,0
747920,0
19983,0
149460,0
94528,0
490605,0
623906,0
756420,0
461672,0
506435,0
855118,0
191763,0
40257,0
862551,0
613618,0
307616,0
863430,0
659350,0
378283,0
851969,0
49295,0
104496,0
698360,0
150823,1
849087,0
148313,0
272974,0
676482,0
728805,0
735706,0
797829,0
209425,0
122235,0
245013,0
365038,0
529481,0
545677,0
44673,0
267678,0
138366,0
309288,0
392221,0
633143,0
663054,0
395303,1
758314,0
88422,0
555335,0
743580,0
810589,0
79852,1
519383,0
760584,0
138665,0
862039,0
359293,1
699499,0
123868,0
470692,0
133272,0
15744,0
498299,0
119742,0
59172,0
513253,0
633467,0
605978,0
826307,0
315522,0
846836,0
269084,0
595791,0
806534,0
809076,0
370608,0
616480,0
551487,0
347928,0
115777,0
791970,0
469317,0
154903,0
636935,0
539714,0
549503,0
558308,0
713791,0
478572,0
627857,0
538028,0
410975,0
236526,0
246922,0
601775,0
814837,0
39285,1
729810,0
529207,0
722514,0
300522,0
263755,0
193166,0
535695,0
751414,0
572165,0
375139,0
287992,0
90228,0
311716,0
416191,0
300601,0
494302,0
523480,0
323084,0
527883,0
150087,0
232043,0
33722,0
271213,0
354421,0
573986,0
116259,0
134205,0
795972,0
864815,0
68202,0
797311,0
756382,0
364121,0
484124,0
569058,0
842589,0
43714,0
602454,0
378385,0
275188,0
122239,0
384793,0
384028,0
71709,0
677370,0
82164,0
792558,0
560425,0
804919,0
577791,0
612582,0
265359,0
210463,0
98271,0
202003,0
666766,0
39161,0
510243,0
187687,0
655972,0
756293,0
19200,0
698714,0
708596,0
468860,0
43256,0
90107,0
353434,0
670023,0
255145,0
593128,0
793634,0
626852,0
225419,0
290009,0
624195,0
468389,0
684525,0
421744,0
54500,0
263665,0
203910,0
848868,0
575594,0
689682,0
174163,0
456170,0
378834,0
559969,0
192430,0
49851,0
373745,0
246830,0
380632,0
726061,0
770588,0
345229,0
560735,0
774970,1
804354,0
317665,0
740432,0
825589,0
121806,0
829172,0
797529,0
632919,0
741437,0
431450,0
728379,0
616056,0
135203,0
147858,0
649283,0
193830,0
306213,0
846121,0
230628,0
89653,0
778965,1
361109,0
743285,0
380568,0
684603,0
498212,0
110746,0
494623,0
174925,0
524582,0
815545,0
45902,0
507886,0
236043,0
472638,0
853374,0
370648,0
465360,0
150602,0
68653,0
603587,0
54591,0
597151,0
608653,0
766858,0
833334,0
821711,0
837208,0
392128,0
828724,0
519155,0
865440,0
576474,0
395473,0
26338,0
128580,0
364137,0
470094,0
334751,0
469343,0
609560,0
25219,0
449088,0
486177,0
188162,0
707809,0
658741,0
799012,0
629561,0
515732,0
12994,0
242724,0
282761,0
491080,0
851843,0
30193,0
382817,1
445236,0
422685,0
601943,1
767809,0
538259,0
649911,1
865462,0
400473,0
826333,0
6837,0
109485,0
770350,0
546319,0
4569,0
638128,0
856598,0
157928,0
200731,0
588475,0
282313,0
72245,1
60882,0
247654,0
264288,1
140574,0
583557,0
26272,0
658963,0
780066,0
240742,0
215204,0
810577,0
180493,1
494211,0
81860,0
512615,0
632390,1
126076,0
144547,0
533635,0
778574,1
246519,0
101309,0
480337,0
699625,0
150618,0
603663,0
449851,0
578441,0
486143,0
472581,0
621005,0
658444,0
833938,0
634268,0
146809,0
13991,0
426293,0
515477,0
537798,0
295077,0
2380,0
200661,0
705936,0
462536,0
488594,0
320647,0
85221,0
680059,0
639025,0
440759,0
647773,0
405480,0
721768,0
29917,0
472683,0
597942,0
41277,0
834158,0
596178,1
19288,0
389326,0
281065,0
526424,0
679403,0
745895,0
728586,0
88104,0
585918,0
316905,0
807942,0
443352,0
52172,0
417022,0
313600,0
81848,0
76353,0
176236,0
325057,0
469009,0
238836,0
520024,0
761944,0
99804,0
554795,0
682649,0
277756,0
453461,0
19954,0
864568,0
258259,0
512868,0
290902,0
700296,0
88452,0
708312,0
808880,0
310821,0
131018,0
129277,0
579953,0
751722,0
771306,0
73863,0
835521,0
369999,0
623521,0
766770,0
135096,0
715744,0
750104,0
862866,0
757549,0
505856,1
589889,0
549267,0
225097,0
622856,0
831366,0
26352,0
100805,0
739380,0
601583,0
200931,0
391035,0
605456,0
364424,0
25153,0
221608,0
359005,0
147995,0
315056,0
480638,0
458306,0
558786,0
459073,0
840853,0
526717,0
516486,0
668889,1
39660,0
36410,0
40567,0
41422,0
783709,0
385802,0
577808,0
88676,0
612037,0
864477,0
615638,0
615592,0
280726,0
538360,0
57297,0
625918,0
349344,0
845336,0
831988,0
718690,0
15750,0
450988,0
471526,0
39456,0
125308,0
770902,0
657838,0
29805,0
128556,0
765091,0
305025,0
77231,0
608083,0
260085,0
213370,0
291846,0
169261,0
556650,0
446998,0
697340,0
280921,0
743283,0
97579,0
40824,0
717564,0
116151,0
369269,0
488010,0
380095,0
845453,0
83663,0
4186,0
669847,0
480970,0
2721,0
360760,0
741904,0
307163,0
813519,0
5482,0
360210,0
709339,0
283906,0
830837,0
730361,0
614320,0
635771,0
655742,0
695648,0
571838,1
183091,0
673244,0
769789,0
275655,0
358786,0
763672,0
369244,0
778131,0
841910,0
725830,0
454297,0
757805,0
825394,0
663630,0
623417,0
567803,0
699377,0
228517,0
801177,0
330360,0
280404,0
618522,0
813262,0
811013,0
854614,0
387340,0
240827,0
10626,0
788600,0
763506,0
683895,0
787002,0
34467,0
264949,0
475739,0
801837,0
76101,0
798144,0
820408,0
789221,0
447747,0
679746,0
834557,0
839030,0
341536,0
128676,0
659953,0
690355,0
494318,0
254765,0
353519,0
653273,0
485760,0
342498,0
679162,0
790389,0
852189,0
265267,0
845925,0
379561,1
774414,0
864341,1
671002,0
825687,0
466523,0
378849,0
274763,1
253324,0
257293,0
213382,0
605520,0
408649,0
812603,0
650286,0
201451,0
815434,0
313458,0
389791,0
616686,0
80042,0
498123,0
220890,0
648572,0
198595,0
568287,0
794102,1
67006,0
378692,0
372330,0
16043,0
399724,0
162864,0
227006,0
413562,0
176784,0
693085,0
569526,0
669949,0
600799,0
698920,0
130007,0
749594,0
457853,0
859531,0
33154,0
341007,0
829377,0
835369,0
584152,0
845441,0
585893,0
732877,0
145214,0
719488,0
198094,0
512827,0
635628,0
740955,1
463900,0
360789,0
561869,0
808973,0
186602,0
217928,0
350119,0
304097,0
844076,0
11777,0
704013,0
185892,0
634110,0
148364,0
127164,0
41689,0
618168,0
86874,0
559273,0
318494,0
283205,0
57180,0
285405,0
312018,0
540271,0
623604,0
64487,0
100161,0
171874,0
112552,0
119520,0
32284,0
336470,0
171986,0
77935,0
444693,0
502102,0
417169,0
745317,0
20509,0
149773,0
339767,0
643988,0
431567,0
861396,0
168360,0
202356,0
187887,0
602165,0
459489,0
407342,0
72163,0
475740,0
663805,0
655940,0
540834,0
586878,0
509923,0
219597,0
373295,0
542363,0
81757,0
224662,0
669942,0
853796,0
688924,0
646702,0
569051,0
413391,0
291727,0
495372,0
112311,0
462327,0
520937,0
806887,0
93626,0
157921,0
246112,0
740815,0
694809,0
650385,0
35568,0
787526,0
378345,0
22751,0
665519,0
80888,0
305238,0
396703,0
170438,0
724192,0
500207,0
678129,0
56265,0
802513,0
521997,0
132999,0
854033,0
12889,0
147476,0
313395,0
457685,0
99092,0
357831,0
580843,0
151443,0
207640,0
299999,0
373497,0
119618,0
757937,0
510685,0
459863,0
371451,0
42480,0
309688,0
525040,0
617901,0
28948,0
264919,0
416119,0
848522,0
706218,0
122080,0
183857,0
785776,0
365734,1
303200,0
695179,0
413327,0
252284,0
3239,0
172348,0
298417,0
199132,0
867283,0
627054,0
610960,0
614923,0
100512,0
228065,0
363272,0
124554,0
434258,0
432309,0
515731,0
857055,0
588443,0
419027,0
646777,0
58309,0
209595,0
345716,0
6323,0
683576,0
170793,0
486665,0
515370,0
371779,0
608467,0
289160,0
685939,0
450949,0
479634,1
74598,0
275150,0
461380,0
96768,0
181131,0
259614,0
851934,0
439259,0
707986,0
858193,0
649172,0
274206,0
455226,0
252896,0
41033,0
594942,0
571130,0
664275,0
428807,0
499675,0
635617,0
300700,0
493479,0
319165,0
156977,0
71983,0
862240,0
109855,0
252569,0
198036,0
265500,1
559981,0
220673,0
755088,0
92014,0
561164,0
285932,0
238658,0
611703,0
382675,0
464685,0
325368,0
588271,0
393231,0
255253,0
538840,0
855222,0
273204,0
259827,0
273489,0
502255,0
186135,0
321281,0
370201,0
806030,0
680777,1
547890,0
558353,0
139395,0
865885,0
327831,0
307523,0
651346,0
32910,0
538322,0
101082,0
606918,0
851126,0
381024,0
444955,0
500805,0
487038,0
204683,0
488420,0
854329,0
58406,0
542057,1
439081,0
535494,0
410038,0
12013,0
361618,0
507087,0
416292,0
505069,0
211771,0
645568,0
16512,0
778269,0
615643,1
499048,0
281949,0
97605,0
567069,0
210673,0
614186,0
362047,0
654055,0
836583,0
733357,0
865736,0
318552,0
754795,0
584475,0
821200,0
566924,0
136342,0
476279,0
427812,0
604334,0
659874,0
404096,1
180255,0
296074,0
479164,0
477601,0
286049,0
692435,0
428265,0
69425,0
247993,0
460992,0
398490,1
670838,0
235018,1
25506,0
578579,1
255436,0
755565,0
439460,0
747669,0
656575,0
737184,0
54317,0
1158,0
810327,0
73293,0
783012,0
104757,0
286112,0
852218,0
832106,0
330031,0
780940,0
861879,0
254953,0
567489,0
676680,0
764132,0
659389,0
455675,0
85819,0
759173,0
250903,0
11874,0
197081,0
729485,0
214443,0
36231,0
341412,0
456631,0
12842,0
457647,0
801338,0
119575,0
211204,0
7022,0
126974,0
642974,0
200669,0
809890,0
819056,0
284082,0
545348,0
713014,0
840822,0
452511,0
793612,0
157798,0
326227,0
703647,0
367893,0
161935,0
815306,0
231717,0
192277,0
58076,0
272324,0
106221,0
669708,0
783127,0
109267,0
7621,0
83296,0
306374,0
181046,0
683046,0
168499,0
521271,0
212035,0
215346,0
487122,0
233831,0
367382,0
387413,0
197484,0
839966,0
182104,0
695241,0
49706,0
601307,0
627292,0
701660,0
137062,0
550789,0
138219,0
766651,0
823829,0
735689,0
267288,0
519534,0
710071,0
54516,0
437566,0
69746,0
158889,0
310401,0
495078,0
652824,0
714269,0
231872,0
327977,0
620724,0
864221,0
484657,0
647439,0
275233,0
481807,0
331171,0
665573,0
779875,0
93942,1
65531,0
503592,0
726218,0
461553,0
107336,0
10925,0
587187,0
199142,0
614306,0
160636,0
375684,0
84885,0
283091,0
310919,0
458271,0
426821,0
205385,0
89818,0
505174,0
190222,0
414839,0
101463,0
25799,0
159395,0
366632,0
608748,0
513541,0
615726,0
377593,0
842486,0
78839,0
291753,0
300625,0
649587,1
208301,0
200561,0
645003,0
410354,0
609559,0
458130,0
584493,0
90548,0
568854,0
67243,0
866836,0
11508,0
794591,0
384205,0
117965,0
630840,0
168437,0
191356,1
254271,0
578242,0
303021,0
720007,0
181154,0
417201,0
287291,0
351491,0
92386,0
630517,0
592908,0
836467,0
28220,0
313279,0
18734,0
784484,0
438451,0
328387,0
55885,0
720501,0
444552,0
476189,0
281541,0
776144,0
676130,0
459725,0
372208,0
310225,0
619073,0
244194,0
410294,0
475325,0
556785,0
256584,0
664984,0
349603,0
107642,0
227784,0
577440,0
266607,0
839177,0
765131,0
643401,0
489229,0
694382,0
64643,0
284618,0
643410,1
865135,0
236863,0
724095,0
78021,0
587485,0
822279,0
501404,0
327295,1
770404,0
443135,0
371757,1
123271,0
769195,0
622620,0
503620,0
861804,0
26987,0
548422,0
258838,0
283755,0
819347,0
84329,0
192259,0
197862,0
856347,0
701689,0
748344,0
267040,1
571204,0
373774,0
364038,0
848572,0
476277,1
668778,1
725348,0
867923,0
283532,0
340744,0
99090,0
292340,0
42616,0
657969,0
708043,0
344234,0
181253,0
143858,0
783770,0
471846,0
857121,0
555229,0
173849,0
500335,1
471068,0
844698,0
121059,0
216841,0
25480,0
154882,0
460742,0
574510,0
146444,0
772261,0
138269,0
317951,0
764844,0
759687,1
43064,0
76278,0
638084,0
14672,0
375157,1
69103,0
666441,0
782844,0
260136,0
392022,0
505353,0
472167,0
853089,0
206701,0
190138,0
300910,0
479586,0
141918,0
475916,0
622705,0
308695,0
108970,0
156373,0
631769,0
451614,0
795140,0
645252,0
775449,1
620635,0
483914,0
231129,0
717853,0
63609,0
412179,0
698552,0
225840,0
850308,0
69,0
614312,0
246424,0
401978,0
824057,0
551092,0
455615,0
568792,0
212171,0
218915,0
711105,0
113512,0
453689,0
529052,0
234760,0
748927,0
857973,0
729298,0
14694,0
203599,0
254308,0
399033,0
514054,0
711771,0
400,0
303561,0
250892,0
818796,0
777022,0
858253,0
161957,0
613824,0
157048,0
447545,0
293621,0
132827,0
331779,0
641426,0
455011,0
520119,0
16051,0
213332,0
596944,0
650852,0
783878,0
302264,0
141207,0
571720,0
37012,0
425171,0
389473,0
296270,0
50361,0
90829,0
249408,0
126912,0
178123,0
477239,0
667508,0
711521,0
416118,0
867619,0
651727,0
170864,0
193082,0
219060,0
802646,0
794477,0
165709,0
801463,0
379712,0
425070,0
119932,0
124635,0
533797,0
526942,0
263313,0
314041,0
113081,0
692730,0
575930,0
46689,1
813268,0
706603,0
667461,0
134022,0
187333,0
327890,0
743132,0
34864,0
660164,0
788748,0
755799,0
187856,0
853357,0
397302,0
222228,0
832136,0
681822,0
22673,0
621036,0
5323,0
523103,0
399957,0
728773,0
500723,0
175801,0
666741,0
801513,0
30321,0
372235,0
765005,0
466077,0
339518,0
602935,0
809233,0
28551,0
836596,0
90551,0
861825,1
55415,0
30205,0
571069,0
725467,0
345103,0
507617,0
159942,0
3906,0
272262,0
289922,0
607664,0
525216,0
590190,0
363607,0
585229,0
331737,0
586794,0
263336,0
462170,0
233910,0
697602,0
676559,0
356116,0
757945,0
326599,0
122591,0
373437,0
784516,0
338029,0
663029,0
631480,0
860381,0
344101,0
402794,0
809958,0
36306,0
99058,0
119121,0
186853,0
805594,0
474702,0
321216,0
567783,0
696034,0
690668,0
762178,0
496510,0
497916,0
189626,0
245220,0
695504,0
774655,0
746637,0
634951,0
222383,0
719398,0
397565,0
420417,0
360643,0
451929,0
335416,0
613088,0
759797,0
363353,0
388757,0
62888,0
285119,0
461548,0
698752,0
51038,0
172730,0
835751,0
484969,0
668224,0
343276,0
460689,0
712609,0
1581,0
861695,0
818973,0
517359,0
201295,0
34610,0
707503,0
172345,0
399317,0
773763,0
729436,0
515962,1
472519,0
212134,0
555294,0
91680,0
510284,0
85125,0
815628,0
731086,0
649844,0
565899,0
573436,0
833182,0
830738,0
610997,0
291830,1
701997,0
237405,0
725654,0
120744,0
780187,0
547287,0
766743,1
166940,0
336483,0
15793,0
721555,0
640985,0
263434,0
841343,0
864845,0
165561,0
715372,0
316147,0
168916,0
683910,0
797888,0
77314,0
252541,0
783431,0
616637,0
511379,0
551903,0
346966,0
28278,0
563681,0
197279,0
595139,0
162889,0
291228,0
593898,0
539366,0
783455,0
694094,0
406571,0
654430,0
271429,0
394486,0
6383,0
565785,0
118361,0
544785,0
533990,0
66110,0
336038,0
825676,0
648326,0
491139,0
243027,0
110950,0
746865,0
274854,1
471747,0
419185,0
637773,1
839939,0
243876,0
719622,0
548592,0
855999,0
482432,0
49795,0
711677,0
41361,0
419330,0
365561,0
775458,0
395593,0
47758,0
406483,0
508523,0
316820,0
90132,0
175497,0
148912,0
232101,0
91559,0
726261,0
707989,0
438564,0
591797,0
470981,0
154273,0
357384,0
683225,0
776739,0
141866,0
105676,0
689192,0
127171,0
212499,0
817453,0
81073,0
492130,0
537700,0
240464,0
348833,0
778455,0
843965,0
439400,0
840237,0
534347,0
724314,0
551315,0
129366,0
314471,0
52402,0
221565,0
501881,0
454255,0
672967,0
392386,0
731151,0
753340,0
198844,0
591155,1
64115,0
426015,0
223096,0
164944,0
96741,0
187492,0
258737,0
164122,0
563615,0
403961,0
550271,0
593497,0
209932,0
233701,0
775058,0
622839,0
681635,0
490768,1
791998,0
838726,0
828773,0
138850,0
689820,0
64419,0
405788,0
608343,0
532716,0
681959,0
166452,0
365897,0
391172,0
259038,0
772501,0
808705,0
589876,0
81399,0
728472,0
34069,0
105750,0
232810,0
592159,0
285737,0
594348,0
716353,0
10278,0
323849,0
273769,0
777182,1
759008,0
326125,0
642322,0
230218,0
33407,0
653667,0
209630,0
285410,0
301987,0
494293,0
808606,0
745196,1
679446,0
176448,0
281802,0
788871,0
729760,0
180540,0
174451,0
598408,0
550998,0
172353,0
614128,0
681276,0
666895,0
506071,0
397197,0
652434,0
38374,0
30510,0
27343,0
539598,0
829530,0
643968,0
482471,0
860049,0
186067,0
332813,0
316142,0
491308,0
709487,0
371569,0
212236,0
548719,0
23799,0
208376,0
650768,0
661176,0
378258,0
787467,0
234868,0
452991,0
783267,0
552931,0
418514,0
52291,0
195086,1
17070,0
590351,0
288974,0
351990,1
839206,0
282993,0
867320,0
705923,0
410815,0
358368,0
723363,0
463155,0
312829,0
137509,0
404066,0
711265,0
401523,0
223856,0
133760,0
495542,0
367106,0
539971,0
95200,0
469292,0
101589,0
502828,1
23081,0
226441,0
777172,0
459069,0
96472,0
437194,0
637047,0
308591,0
568688,0
747605,0
107734,0
93102,0
362230,0
256388,0
675006,0
400390,0
684092,0
349833,0
642306,0
563273,0
98679,0
446435,0
795155,0
31787,0
229052,0
91700,0
191280,0
205030,0
290170,0
361419,0
495993,0
462375,1
702216,0
853391,0
480556,0
545986,0
468168,0
409923,0
388919,0
822214,0
394628,0
287453,0
700588,0
639616,0
246883,0
188500,0
162362,1
514746,0
317157,0
555020,0
726397,0
755582,0
555117,0
425276,0
824873,0
450768,0
35249,0
581597,0
626014,0
832223,0
258879,0
62354,1
643839,0
118120,0
215587,0
737294,0
343069,0
571829,0
652810,0
303283,0
687394,0
178917,0
197255,1
242294,0
22882,1
36353,0
203136,0
447927,0
119197,0
769598,0
478750,0
588733,0
627043,0
175033,0
383746,0
396695,0
752049,0
310671,0
827792,0
804897,0
486969,0
499438,1
444511,0
216828,0
559689,0
599196,0
46360,0
554919,0
175998,0
85915,0
362449,0
725788,0
771117,0
684503,0
134519,0
488126,0
714045,0
812300,0
241784,0
761714,0
407631,0
634831,0
175939,0
213706,0
624683,0
759049,0
625422,0
587870,0
258366,0
261968,0
3947,0
316307,0
771583,0
49683,0
324362,0
463922,0
568812,0
418593,0
380270,0
94212,0
476376,0
190536,0
311328,0
265149,0
360305,0
461577,0
284596,0
741892,0
606090,0
820378,0
718974,0
82525,1
446961,0
585559,0
267390,0
492603,0
810369,0
567155,0
346730,0
45193,0
372683,0
474743,0
705844,0
143681,0
435190,0
401617,0
697864,0
322171,0
364036,0
826811,0
143539,0
116824,1
282982,0
186635,0
7815,0
21673,0
417285,0
516273,0
642134,0
310195,0
864155,0
666656,0
320889,0
596122,0
232764,0
172299,0
246621,0
257786,0
198966,0
341506,0
665682,0
215248,1
114814,0
785128,0
560186,0
625782,0
308628,0
601704,0
702398,0
740896,0
491628,0
185945,0
376933,0
437488,0
200980,0
302382,0
511273,0
201953,0
387885,0
692201,0
49024,0
179376,0
574255,0
633869,0
161598,0
63316,0
375801,0
537646,0
862966,0
216478,0
724895,0
666131,0
1186,0
720528,0
479760,0
684130,0
864304,0
468567,0
480026,0
88495,0
759723,0
379227,0
184862,0
114290,0
536495,0
382161,0
40183,0
451636,0
824042,0
104335,0
165813,0
679608,0
568444,0
822775,0
322650,0
587605,0
709867,0
589216,0
131838,0
361989,0
647004,0
701712,0
800366,0
479122,0
854880,0
65059,0
185107,0
34882,0
765708,0
793845,0
269288,0
462616,0
280762,0
316362,0
164035,0
161128,0
82358,0
123578,0
426341,0
373470,0
419671,1
318620,0
517267,0
373868,1
95978,0
648209,0
468320,0
443547,0
861841,0
550736,0
691573,0
190201,0
405403,0
494975,0
202130,0
462510,0
197411,0
779691,0
842806,0
556391,0
683271,0
236037,0
566073,0
227026,0
282044,0
303874,0
211678,0
582269,0
116275,0
785202,0
11007,0
571919,0
762408,0
648964,0
348118,0
725877,0
868348,0
740172,0
755331,0
685335,0
738509,0
92655,0
388053,0
505019,0
658957,0
337626,0
459206,0
73998,0
656233,0
213033,0
331194,0
153401,0
314103,0
459504,0
326303,0
558149,0
200422,0
410084,0
833164,0
102213,0
750523,0
847419,1
669347,0
569912,0
627563,0
374217,0
540922,0
867759,0
665179,0
191774,0
823710,0
623233,0
680556,0
202502,0
698692,0
198888,0
403456,0
720648,0
204876,0
645905,0
399819,0
354027,0
39723,0
472480,0
502842,0
722226,0
532834,0
851750,0
850307,1
330769,0
8862,0
308418,0
794972,0
485180,0
843209,0
485613,0
848219,0
579623,0
728498,0
855436,0
133383,0
192252,0
839457,0
296207,0
376798,0
244356,0
62248,0
273838,0
99267,0
309393,0
208555,0
303517,0
502201,0
253543,0
154947,0
331346,0
222454,0
250655,0
513369,0
201157,0
321931,0
351448,0
449566,1
510623,0
631172,0
779342,0
644969,0
801461,0
387553,0
261247,0
669350,0
438699,0
365192,0
514794,0
720819,0
539819,0
99862,0
569999,0
96081,0
265722,0
171572,0
182232,0
16083,0
233637,0
690977,1
161073,0
158534,0
665904,0
103102,0
413841,0
427115,0
821355,0
200208,0
416836,0
377744,0
835774,0
153581,0
188483,0
730291,0
376640,0
531951,0
719093,0
396388,0
387005,0
443966,0
405564,0
381372,0
328785,0
724729,0
856324,0
853917,0
835470,0
282538,0
265989,0
326926,0
791051,0
731230,0
92870,0
337358,0
95034,0
24906,0
291835,0
863783,0
632944,0
362248,0
79087,0
200776,0
860509,0
836613,0
632480,0
747686,0
398427,0
511549,0
833439,0
439118,0
254893,0
501367,0
367554,0
271765,0
322108,0
504146,0
283679,0
480032,0
462762,0
603754,0
32026,0
845850,0
163529,0
365423,0
868949,0
238750,0
374900,1
44484,0
81742,0
668953,0
773740,0
16374,0
656034,1
98881,0
736402,0
805007,0
810546,0
130299,0
263605,0
366365,0
12280,1
303811,0
642364,0
793197,0
746479,1
146103,0
381485,0
726435,0
736497,0
66803,0
548971,1
810387,0
603235,0
721193,0
631117,0
693040,0
650080,0
273111,0
761598,0
386648,0
595812,0
533440,0
7848,0
375529,1
740528,0
138316,0
149489,0
130988,0
490232,0
459833,0
808889,0
604451,0
749692,1
411011,0
542462,0
222999,0
154367,0
774937,0
458400,0
530901,0
184299,0
616149,0
132241,0
458677,0
17065,0
68878,0
220916,0
249551,0
578743,0
186396,0
665348,1
627879,0
326046,0
393090,0
643332,0
798265,0
414432,0
383500,0
199724,0
293787,0
11619,0
333944,0
257105,0
630798,0
174063,0
565786,0
372658,0
350746,0
275240,0
467897,0
573205,0
651530,1
121101,0
444038,0
640509,0
309234,0
799832,0
443861,0
650472,0
377083,0
265156,0
508742,0
428833,0
162634,0
97613,0
691004,0
258253,0
586160,0
556027,0
352013,0
796356,0
16872,0
658008,0
269862,1
222030,0
774055,0
142678,0
808405,0
127635,0
360005,0
628024,0
771427,0
804381,0
597792,0
729697,0
113076,0
237800,0
305570,0
855000,0
777421,0
585674,0
99628,0
549069,0
678739,0
782663,0
722325,0
705679,0
168514,0
230439,0
581887,0
136398,0
599099,0
826497,0
553309,0
772728,0
104065,0
214244,0
676490,0
807834,0
385515,0
524140,0
846101,0
272682,0
236594,0
203755,0
579860,0
437133,0
679809,0
373763,0
625354,0
45556,0
410108,0
134784,0
351773,1
813858,0
586543,0
613886,0
715206,0
150526,0
551773,0
574543,0
826607,0
188752,0
88319,0
16442,0
703143,0
417208,1
740660,0
695373,1
241522,0
371633,0
649874,0
229905,0
396799,0
443964,0
329762,0
410864,0
377387,0
664985,0
787865,0
461240,0
404784,0
306214,0
158258,0
287556,0
710753,0
781226,0
10275,0
554964,0
763666,0
94276,0
557460,0
642958,0
639715,0
491987,0
222393,0
165929,0
451895,0
858289,0
856589,0
113475,0
48320,0
734226,0
72194,0
85042,0
386097,0
315040,0
2713,0
366327,0
691256,0
418978,0
848205,0
335898,0
189911,0
557669,0
668782,0
338046,0
748699,0
96155,0
632569,0
304522,0
127128,0
246415,0
462467,0
484718,0
141736,0
313225,0
106096,0
375539,1
522794,0
605362,0
630060,0
437523,0
256675,0
801714,0
85098,0
185234,0
737770,0
76613,0
156633,0
65647,0
199524,0
202767,0
512430,0
300934,0
296361,1
306591,0
418563,0
528760,0
794576,0
584078,0
616966,0
424070,0
727297,0
684794,0
313112,0
659716,0
825107,0
1413,0
126083,0
220523,0
665699,0
9901,0
44657,0
562810,0
768475,0
627484,0
363297,0
51821,0
156682,0
237771,0
347012,0
358770,0
292937,0
14856,0
